{
  "1": {
    "name": "刺耳声",
    "description": "发出不由自主想要捂起耳朵的刺耳声，从而大幅降低对手的防御。",
    "power": "0",
    "coldingTime": "3",
    "cost": "3",
    "effect": "Weaken",
    "probability": "85"
  },
  "2": {
    "name": "剑舞",
    "description": "激烈地跳起战舞提高气势。大幅提高自己的攻击。",
    "power": "0",
    "coldingTime": "3",
    "cost": "3",
    "effect": "Strengthen",
    "probability": "0"
  },
  "3": {
    "name": "愤怒",
    "description": "如果在使出招式后受到攻击的话，会因愤怒的力量而提高攻击。",
    "power": "20",
    "coldingTime": "3",
    "cost": "3",
    "effect": "Strengthen",
    "probability": "100"
  },
  "4": {
    "name": "愤怒门牙",
    "description": "用锋利的门牙猛烈地咬住对手进行攻击。对手的ＨＰ减半。",
    "power": "0",
    "coldingTime": "2",
    "cost": "2",
    "effect": "Attack",
    "probability": "0"
  },
  "5": {
    "name": "夹住",
    "description": "将对手从两侧夹住，给予伤害。",
    "power": "55",
    "coldingTime": "2",
    "cost": "2",
    "effect": "Attack",
    "probability": "100"
  },
  "6": {
    "name": "摔打",
    "description": "使用长长的尾巴或藤蔓等摔打对手进行攻击。",
    "power": "80",
    "coldingTime": "2",
    "cost": "2",
    "effect": "Attack",
    "probability": "75"
  },
  "7": {
    "name": "变圆",
    "description": "将身体蜷曲变圆，从而提高自己的防御。",
    "power": "0",
    "coldingTime": "3",
    "cost": "3",
    "effect": "Strengthen",
    "probability": "0"
  },
  "8": {
    "name": "闪光",
    "description": "使出耀眼光芒，从而降低对手的命中率。",
    "power": "0",
    "coldingTime": "3",
    "cost": "3",
    "effect": "Weaken",
    "probability": "100"
  }
}
