{
  "1": {
    "name": "聚气",
    "description": "深深地吸口气，集中精神。自己的攻击会变得容易击中要害。",
    "power": "0",
    "coldingTime": "2",
    "cost": "2",
    "effect": "Attack",
    "probability": "0"
  },
  "2": {
    "name": "连环巴掌",
    "description": "用连环巴掌拍打对手进行攻击。连续攻击２～５次。",
    "power": "15",
    "coldingTime": "3",
    "cost": "3",
    "effect": "Bleed",
    "probability": "85"
  },
  "3": {
    "name": "唱歌",
    "description": "让对手听舒适、美妙的歌声，从而陷入睡眠状态。",
    "power": "0",
    "coldingTime": "1",
    "cost": "1",
    "effect": "Sleep",
    "probability": "55"
  },
  "4": {
    "name": "自我再生",
    "description": "让全身的细胞获得再生，回复一半ＨＰ。",
    "power": "0",
    "coldingTime": "3",
    "cost": "3",
    "effect": "Parasitism",
    "probability": "0"
  },
  "5": {
    "name": "飞翔",
    "description": "第１回合飞上天空，第２回合攻击对手。",
    "power": "90",
    "coldingTime": "3",
    "cost": "3",
    "effect": "Attack",
    "probability": "95"
  },
  "6": {
    "name": "百万吨重踢",
    "description": "使出力大无穷的重踢踢飞对手进行攻击。",
    "power": "120",
    "coldingTime": "2",
    "cost": "2",
    "effect": "Attack",
    "probability": "75"
  },
  "7": {
    "name": "烟幕",
    "description": "向对手喷出烟或墨汁等，从而降低对手的命中率。",
    "power": "0",
    "coldingTime": "2",
    "cost": "2",
    "effect": "Weaken",
    "probability": "100"
  },
  "8": {
    "name": "破坏光线",
    "description": "向对手发射强烈的光线进行攻击。下一回合自己将无法动弹。",
    "power": "150",
    "coldingTime": "2",
    "cost": "2",
    "effect": "Attack",
    "probability": "90"
  },
  "9": {
    "name": "聚宝功",
    "description": "向对手的身体投掷小金币进行攻击。战斗后可以拿到钱。",
    "power": "40",
    "coldingTime": "2",
    "cost": "2",
    "effect": "Attack",
    "probability": "100"
  },
  "10": {
    "name": "大蛇瞪眼",
    "description": "用腹部的花纹使对手害怕，从而让其陷入麻痹状态。",
    "power": "0",
    "coldingTime": "2",
    "cost": "2",
    "effect": "Paralysis",
    "probability": "100"
  }
}
