{
  "1": {
    "name": "破坏光线",
    "description": "向对手发射强烈的光线进行攻击。下一回合自己将无法动弹。",
    "power": "150",
    "coldingTime": "2",
    "cost": "2",
    "effect": "Attack",
    "probability": "90"
  },
  "2": {
    "name": "炸蛋",
    "description": "向对手用力投掷大大的蛋进行攻击。",
    "power": "100",
    "coldingTime": "2",
    "cost": "2",
    "effect": "Attack",
    "probability": "75"
  },
  "3": {
    "name": "飞叶快刀",
    "description": "飞出叶片，切斩对手进行攻击。容易击中要害。",
    "power": "55",
    "coldingTime": "1",
    "cost": "1",
    "effect": "Attack",
    "probability": "95"
  },
  "4": {
    "name": "尖刺加农炮",
    "description": "向对手发射锐针进行攻击。连续攻击２～５次。",
    "power": "20",
    "coldingTime": "3",
    "cost": "3",
    "effect": "Bleed",
    "probability": "100"
  },
  "5": {
    "name": "摇尾巴",
    "description": "可爱地左右摇晃尾巴，诱使对手疏忽大意。会降低对手的防御。",
    "power": "0",
    "coldingTime": "3",
    "cost": "3",
    "effect": "Weaken",
    "probability": "100"
  },
  "6": {
    "name": "断头钳",
    "description": "用大钳子或剪刀等夹断对手进行攻击。只要命中就会一击濒死。",
    "power": "0",
    "coldingTime": "1",
    "cost": "1",
    "effect": "Attack",
    "probability": "0"
  },
  "7": {
    "name": "变圆",
    "description": "将身体蜷曲变圆，从而提高自己的防御。",
    "power": "0",
    "coldingTime": "2",
    "cost": "2",
    "effect": "Strengthen",
    "probability": "0"
  }
}
