{
  "1": {
    "name": "拍击",
    "description": "使用长长的尾巴或手等拍打对手进行攻击。",
    "power": "40",
    "coldingTime": "1",
    "cost": "1",
    "effect": "Attack",
    "probability": "100"
  },
  "2": {
    "name": "必杀门牙",
    "description": "用锋利的门牙牢牢地咬住对手进行攻击。有时会使对手畏缩。",
    "power": "80",
    "coldingTime": "3",
    "cost": "3",
    "effect": "Attack",
    "probability": "90"
  },
  "3": {
    "name": "缠绕",
    "description": "用触手或青藤等缠绕进行攻击。有时会降低对手的速度。",
    "power": "10",
    "coldingTime": "3",
    "cost": "3",
    "effect": "Weaken",
    "probability": "100"
  },
  "4": {
    "name": "摔打",
    "description": "使用长长的尾巴或藤蔓等摔打对手进行攻击。",
    "power": "80",
    "coldingTime": "1",
    "cost": "1",
    "effect": "Attack",
    "probability": "75"
  },
  "5": {
    "name": "大爆炸",
    "description": "引发大爆炸，攻击自己周围所有的宝可梦。使用后自己会陷入濒死。",
    "power": "250",
    "coldingTime": "1",
    "cost": "1",
    "effect": "Attack",
    "probability": "100"
  },
  "6": {
    "name": "愤怒",
    "description": "如果在使出招式后受到攻击的话，会因愤怒的力量而提高攻击。",
    "power": "20",
    "coldingTime": "2",
    "cost": "2",
    "effect": "Strengthen",
    "probability": "100"
  }
}
