{
  "1": {
    "name": "变身",
    "description": "变身成对手宝可梦的样子，能够使用和对手完全相同的招式。",
    "power": "0",
    "coldingTime": "2",
    "cost": "2",
    "effect": "Attack",
    "probability": "0"
  },
  "2": {
    "name": "踩踏",
    "description": "用大脚踩踏对手进行攻击。有时会使对手畏缩。",
    "power": "65",
    "coldingTime": "2",
    "cost": "2",
    "effect": "Attack",
    "probability": "100"
  },
  "3": {
    "name": "舍身冲撞",
    "description": "拼命地猛撞向对手进行攻击。自己也会受到不小的伤害。",
    "power": "120",
    "coldingTime": "3",
    "cost": "3",
    "effect": "Attack",
    "probability": "100"
  },
  "4": {
    "name": "拍击",
    "description": "使用长长的尾巴或手等拍打对手进行攻击。",
    "power": "40",
    "coldingTime": "3",
    "cost": "3",
    "effect": "Attack",
    "probability": "100"
  },
  "5": {
    "name": "变硬",
    "description": "全身使劲，让身体变硬，从而提高自己的防御。",
    "power": "0",
    "coldingTime": "2",
    "cost": "2",
    "effect": "Strengthen",
    "probability": "0"
  },
  "6": {
    "name": "电光一闪",
    "description": "以迅雷不及掩耳之势扑向对手。必定能够先制攻击。",
    "power": "40",
    "coldingTime": "2",
    "cost": "2",
    "effect": "Attack",
    "probability": "100"
  },
  "7": {
    "name": "泰山压顶",
    "description": "用整个身体压住对手进行攻击。有时会让对手陷入麻痹状态。",
    "power": "85",
    "coldingTime": "1",
    "cost": "1",
    "effect": "Paralysis",
    "probability": "100"
  }
}
