{
  "1": {
    "name": "大爆炸",
    "description": "引发大爆炸，攻击自己周围所有的宝可梦。使用后自己会陷入濒死。",
    "power": "250",
    "coldingTime": "2",
    "cost": "2",
    "effect": "Attack",
    "probability": "100"
  },
  "2": {
    "name": "聚气",
    "description": "深深地吸口气，集中精神。自己的攻击会变得容易击中要害。",
    "power": "0",
    "coldingTime": "2",
    "cost": "2",
    "effect": "Attack",
    "probability": "0"
  },
  "3": {
    "name": "投球",
    "description": "向对手投掷圆形物体进行攻击。连续攻击２～５次。",
    "power": "15",
    "coldingTime": "2",
    "cost": "2",
    "effect": "Bleed",
    "probability": "85"
  },
  "4": {
    "name": "缠绕",
    "description": "用触手或青藤等缠绕进行攻击。有时会降低对手的速度。",
    "power": "10",
    "coldingTime": "3",
    "cost": "3",
    "effect": "Weaken",
    "probability": "100"
  },
  "5": {
    "name": "旋风刀",
    "description": "制造风之刃，于第２回合攻击对手。容易击中要害。",
    "power": "80",
    "coldingTime": "3",
    "cost": "3",
    "effect": "Attack",
    "probability": "100"
  },
  "6": {
    "name": "角钻",
    "description": "用旋转的角刺入对手进行攻击。只要命中就会一击濒死。",
    "power": "0",
    "coldingTime": "1",
    "cost": "1",
    "effect": "Attack",
    "probability": "0"
  },
  "7": {
    "name": "大蛇瞪眼",
    "description": "用腹部的花纹使对手害怕，从而让其陷入麻痹状态。",
    "power": "0",
    "coldingTime": "1",
    "cost": "1",
    "effect": "Paralysis",
    "probability": "100"
  }
}
