{
  "1": {
    "name": "蟹钳锤",
    "description": "用大钳子敲打对手进行攻击。容易击中要害。",
    "power": "100",
    "coldingTime": "1",
    "cost": "1",
    "effect": "Attack",
    "probability": "90"
  },
  "2": {
    "name": "叫声",
    "description": "让对手听可爱的叫声，引开注意力使其疏忽，从而降低对手的攻击。",
    "power": "0",
    "coldingTime": "2",
    "cost": "2",
    "effect": "Weaken",
    "probability": "100"
  },
  "3": {
    "name": "泰山压顶",
    "description": "用整个身体压住对手进行攻击。有时会让对手陷入麻痹状态。",
    "power": "85",
    "coldingTime": "2",
    "cost": "2",
    "effect": "Paralysis",
    "probability": "100"
  },
  "4": {
    "name": "劈开",
    "description": "用爪子或镰刀等劈开对手进行攻击。容易击中要害。",
    "power": "70",
    "coldingTime": "1",
    "cost": "1",
    "effect": "Attack",
    "probability": "100"
  },
  "5": {
    "name": "迷昏拳",
    "description": "有节奏地出拳攻击对手。有时会使对手混乱。",
    "power": "70",
    "coldingTime": "3",
    "cost": "3",
    "effect": "Attack",
    "probability": "100"
  },
  "6": {
    "name": "恶魔之吻",
    "description": "用恐怖的脸强吻对手。让对手陷入睡眠状态。",
    "power": "0",
    "coldingTime": "3",
    "cost": "3",
    "effect": "Sleep",
    "probability": "75"
  },
  "7": {
    "name": "火箭头锤",
    "description": "第１回合把头缩进去，从而提高防御。第２回合攻击对手。",
    "power": "130",
    "coldingTime": "3",
    "cost": "3",
    "effect": "Strengthen",
    "probability": "100"
  }
}
