{
  "1": {
    "name": "愤怒",
    "description": "如果在使出招式后受到攻击的话，会因愤怒的力量而提高攻击。",
    "power": "20",
    "coldingTime": "2",
    "cost": "2",
    "effect": "Strengthen",
    "probability": "100"
  },
  "2": {
    "name": "角钻",
    "description": "用旋转的角刺入对手进行攻击。只要命中就会一击濒死。",
    "power": "0",
    "coldingTime": "3",
    "cost": "3",
    "effect": "Attack",
    "probability": "0"
  },
  "3": {
    "name": "摔打",
    "description": "使用长长的尾巴或藤蔓等摔打对手进行攻击。",
    "power": "80",
    "coldingTime": "3",
    "cost": "3",
    "effect": "Attack",
    "probability": "75"
  },
  "4": {
    "name": "居合斩",
    "description": "用镰刀或爪子等切斩对手进行攻击。",
    "power": "50",
    "coldingTime": "1",
    "cost": "1",
    "effect": "Attack",
    "probability": "95"
  },
  "5": {
    "name": "唱歌",
    "description": "让对手听舒适、美妙的歌声，从而陷入睡眠状态。",
    "power": "0",
    "coldingTime": "2",
    "cost": "2",
    "effect": "Sleep",
    "probability": "55"
  },
  "6": {
    "name": "大爆炸",
    "description": "引发大爆炸，攻击自己周围所有的宝可梦。使用后自己会陷入濒死。",
    "power": "250",
    "coldingTime": "3",
    "cost": "3",
    "effect": "Attack",
    "probability": "100"
  },
  "7": {
    "name": "跃起",
    "description": "也不攻击只是一蹦一蹦地跳，什么都不会发生……",
    "power": "0",
    "coldingTime": "1",
    "cost": "1",
    "effect": "Attack",
    "probability": "0"
  },
  "8": {
    "name": "雷电拳",
    "description": "用充满电流的拳头攻击对手。有时会让对手陷入麻痹状态。",
    "power": "75",
    "coldingTime": "1",
    "cost": "1",
    "effect": "Paralysis",
    "probability": "100"
  }
}
