{
  "1": {
    "name": "忍耐",
    "description": "在２回合内忍受攻击，受到的伤害会２倍返还给对手。",
    "power": "0",
    "coldingTime": "2",
    "cost": "2",
    "effect": "Attack",
    "probability": "0"
  },
  "2": {
    "name": "火箭头锤",
    "description": "第１回合把头缩进去，从而提高防御。第２回合攻击对手。",
    "power": "130",
    "coldingTime": "2",
    "cost": "2",
    "effect": "Strengthen",
    "probability": "100"
  },
  "3": {
    "name": "投球",
    "description": "向对手投掷圆形物体进行攻击。连续攻击２～５次。",
    "power": "15",
    "coldingTime": "1",
    "cost": "1",
    "effect": "Bleed",
    "probability": "85"
  },
  "4": {
    "name": "替身",
    "description": "削减少许自己的ＨＰ，制造分身。分身将成为自己的替身。",
    "power": "0",
    "coldingTime": "1",
    "cost": "1",
    "effect": "Attack",
    "probability": "0"
  },
  "5": {
    "name": "猛撞",
    "description": "以惊人的气势撞向对手进行攻击。自己也会受到少许伤害。",
    "power": "90",
    "coldingTime": "2",
    "cost": "2",
    "effect": "Attack",
    "probability": "85"
  },
  "6": {
    "name": "唱歌",
    "description": "让对手听舒适、美妙的歌声，从而陷入睡眠状态。",
    "power": "0",
    "coldingTime": "1",
    "cost": "1",
    "effect": "Sleep",
    "probability": "55"
  },
  "7": {
    "name": "生蛋",
    "description": "回复自己最大ＨＰ的一半。",
    "power": "0",
    "coldingTime": "2",
    "cost": "2",
    "effect": "Parasitism",
    "probability": "0"
  },
  "8": {
    "name": "泰山压顶",
    "description": "用整个身体压住对手进行攻击。有时会让对手陷入麻痹状态。",
    "power": "85",
    "coldingTime": "2",
    "cost": "2",
    "effect": "Paralysis",
    "probability": "100"
  }
}
