{
	"1":{
		"name":"踩踏",
		"description":"用大脚踩踏对手进行攻击。有时会使对手畏缩。",
		"power":"65",
		"coldingTime":"1",
		"cost":"1",
		"effect":"Attack",
		"probability":"100",
		"unlockLevel":"1"
	},
	"2":{
		"name":"剑舞",
		"description":"激烈地跳起战舞提高气势。大幅提高自己的攻击。",
		"power":"0",
		"coldingTime":"2",
		"cost":"2",
		"effect":"Strengthen",
		"probability":"0",
		"unlockLevel":"5"
	},
	"3":{
		"name":"自爆",
		"description":"引发爆炸，攻击自己周围所有的宝可梦。使用后陷入濒死。",
		"power":"200",
		"coldingTime":"2",
		"cost":"2",
		"effect":"Attack",
		"probability":"100",
		"unlockLevel":"28"
	},
	"4":{
		"name":"大闹一番",
		"description":"在２～３回合内，乱打一气地攻击对手。大闹一番后自己会陷入混乱。",
		"power":"120",
		"coldingTime":"3",
		"cost":"3",
		"effect":"Bleed",
		"probability":"100",
		"unlockLevel":"38"
	},
	"5":{
		"name":"跃起",
		"description":"也不攻击只是一蹦一蹦地跳，什么都不会发生……",
		"power":"0",
		"coldingTime":"1",
		"cost":"1",
		"effect":"Attack",
		"probability":"0",
		"unlockLevel":"45"
	},
	"6":{
		"name":"旋风刀",
		"description":"制造风之刃，于第２回合攻击对手。容易击中要害。",
		"power":"80",
		"coldingTime":"1",
		"cost":"1",
		"effect":"Attack",
		"probability":"100",
		"unlockLevel":"51"
	},
	"7":{
		"name":"怪力",
		"description":"使出浑身力气殴打对手进行攻击。",
		"power":"80",
		"coldingTime":"1",
		"cost":"1",
		"effect":"Attack",
		"probability":"100",
		"unlockLevel":"68"
	},
	"8":{
		"name":"溶解液",
		"description":"将强酸泼向对手进行攻击。有时会降低对手的特防。",
		"power":"40",
		"coldingTime":"2",
		"cost":"2",
		"effect":"Weaken",
		"probability":"100",
		"unlockLevel":"77"
	},
	"9":{
		"name":"泰山压顶",
		"description":"用整个身体压住对手进行攻击。有时会让对手陷入麻痹状态。",
		"power":"85",
		"coldingTime":"3",
		"cost":"3",
		"effect":"Paralysis",
		"probability":"100",
		"unlockLevel":"84"
	},
	"10":{
		"name":"刺耳声",
		"description":"发出不由自主想要捂起耳朵的刺耳声，从而大幅降低对手的防御。",
		"power":"0",
		"coldingTime":"1",
		"cost":"1",
		"effect":"Weaken",
		"probability":"85",
		"unlockLevel":"98"
	}
}