{
	"1":{
		"name":"闪光",
		"description":"使出耀眼光芒，从而降低对手的命中率。",
		"power":"0",
		"coldingTime":"2",
		"cost":"2",
		"effect":"Weaken",
		"probability":"100",
		"unlockLevel":"1"
	},
	"2":{
		"name":"大爆炸",
		"description":"引发大爆炸，攻击自己周围所有的宝可梦。使用后自己会陷入濒死。",
		"power":"250",
		"coldingTime":"1",
		"cost":"1",
		"effect":"Attack",
		"probability":"100",
		"unlockLevel":"21"
	},
	"3":{
		"name":"大蛇瞪眼",
		"description":"用腹部的花纹使对手害怕，从而让其陷入麻痹状态。",
		"power":"0",
		"coldingTime":"2",
		"cost":"2",
		"effect":"Paralysis",
		"probability":"100",
		"unlockLevel":"28"
	},
	"4":{
		"name":"旋风刀",
		"description":"制造风之刃，于第２回合攻击对手。容易击中要害。",
		"power":"80",
		"coldingTime":"3",
		"cost":"3",
		"effect":"Attack",
		"probability":"100",
		"unlockLevel":"31"
	},
	"5":{
		"name":"摔打",
		"description":"使用长长的尾巴或藤蔓等摔打对手进行攻击。",
		"power":"80",
		"coldingTime":"2",
		"cost":"2",
		"effect":"Attack",
		"probability":"75",
		"unlockLevel":"44"
	},
	"6":{
		"name":"乱击",
		"description":"用角或喙刺向对手进行攻击。连续攻击２～５次。",
		"power":"15",
		"coldingTime":"1",
		"cost":"1",
		"effect":"Bleed",
		"probability":"85",
		"unlockLevel":"64"
	},
	"7":{
		"name":"角钻",
		"description":"用旋转的角刺入对手进行攻击。只要命中就会一击濒死。",
		"power":"0",
		"coldingTime":"1",
		"cost":"1",
		"effect":"Attack",
		"probability":"0",
		"unlockLevel":"66"
	},
	"8":{
		"name":"缠绕",
		"description":"用触手或青藤等缠绕进行攻击。有时会降低对手的速度。",
		"power":"10",
		"coldingTime":"1",
		"cost":"1",
		"effect":"Weaken",
		"probability":"100",
		"unlockLevel":"76"
	},
	"9":{
		"name":"尖刺加农炮",
		"description":"向对手发射锐针进行攻击。连续攻击２～５次。",
		"power":"20",
		"coldingTime":"2",
		"cost":"2",
		"effect":"Bleed",
		"probability":"100",
		"unlockLevel":"90"
	}
}