{
	"1":{
		"name":"角撞",
		"description":"用尖锐的角攻击对手。",
		"power":"65",
		"coldingTime":"1",
		"cost":"1",
		"effect":"Attack",
		"probability":"100",
		"unlockLevel":"1"
	},
	"2":{
		"name":"猛撞",
		"description":"以惊人的气势撞向对手进行攻击。自己也会受到少许伤害。",
		"power":"90",
		"coldingTime":"3",
		"cost":"3",
		"effect":"Attack",
		"probability":"85",
		"unlockLevel":"5"
	},
	"3":{
		"name":"瞪眼",
		"description":"用犀利的眼神使其害怕，从而降低对手的防御。",
		"power":"0",
		"coldingTime":"1",
		"cost":"1",
		"effect":"Weaken",
		"probability":"100",
		"unlockLevel":"12"
	},
	"4":{
		"name":"定身法",
		"description":"阻碍对手行动，之前使出的招式将在４回合内无法使用。",
		"power":"0",
		"coldingTime":"3",
		"cost":"3",
		"effect":"Attack",
		"probability":"100",
		"unlockLevel":"30"
	},
	"5":{
		"name":"夹住",
		"description":"将对手从两侧夹住，给予伤害。",
		"power":"55",
		"coldingTime":"3",
		"cost":"3",
		"effect":"Attack",
		"probability":"100",
		"unlockLevel":"44"
	},
	"6":{
		"name":"攀瀑",
		"description":"以惊人的气势扑向对手。有时会使对手畏缩。",
		"power":"80",
		"coldingTime":"1",
		"cost":"1",
		"effect":"Attack",
		"probability":"100",
		"unlockLevel":"56"
	},
	"7":{
		"name":"三重攻击",
		"description":"用３种光线进行攻击。有时会让对手陷入麻痹、灼伤或冰冻的状态。",
		"power":"80",
		"coldingTime":"3",
		"cost":"3",
		"effect":"Paralysis",
		"probability":"100",
		"unlockLevel":"67"
	},
	"8":{
		"name":"舍身冲撞",
		"description":"拼命地猛撞向对手进行攻击。自己也会受到不小的伤害。",
		"power":"120",
		"coldingTime":"1",
		"cost":"1",
		"effect":"Attack",
		"probability":"100",
		"unlockLevel":"73"
	},
	"9":{
		"name":"缩入壳中",
		"description":"缩入壳里保护身体，从而提高自己的防御。",
		"power":"0",
		"coldingTime":"3",
		"cost":"3",
		"effect":"Strengthen",
		"probability":"0",
		"unlockLevel":"83"
	},
	"10":{
		"name":"变硬",
		"description":"全身使劲，让身体变硬，从而提高自己的防御。",
		"power":"0",
		"coldingTime":"1",
		"cost":"1",
		"effect":"Strengthen",
		"probability":"0",
		"unlockLevel":"87"
	}
}