{
	"1":{
		"name":"生蛋",
		"description":"回复自己最大ＨＰ的一半。",
		"power":"0",
		"coldingTime":"3",
		"cost":"3",
		"effect":"Parasitism",
		"probability":"0",
		"unlockLevel":"1"
	},
	"2":{
		"name":"吼叫",
		"description":"放走对手，强制拉后备宝可梦上场。如果对手为野生宝可梦，战斗将直接结束。",
		"power":"0",
		"coldingTime":"1",
		"cost":"1",
		"effect":"Attack",
		"probability":"0",
		"unlockLevel":"20"
	},
	"3":{
		"name":"叫声",
		"description":"让对手听可爱的叫声，引开注意力使其疏忽，从而降低对手的攻击。",
		"power":"0",
		"coldingTime":"1",
		"cost":"1",
		"effect":"Weaken",
		"probability":"100",
		"unlockLevel":"41"
	},
	"4":{
		"name":"模仿",
		"description":"可以将对手最后使用的招式，在战斗内变成自己的招式。",
		"power":"0",
		"coldingTime":"3",
		"cost":"3",
		"effect":"Attack",
		"probability":"0",
		"unlockLevel":"50"
	},
	"5":{
		"name":"怪力",
		"description":"使出浑身力气殴打对手进行攻击。",
		"power":"80",
		"coldingTime":"2",
		"cost":"2",
		"effect":"Attack",
		"probability":"100",
		"unlockLevel":"56"
	},
	"6":{
		"name":"连环巴掌",
		"description":"用连环巴掌拍打对手进行攻击。连续攻击２～５次。",
		"power":"15",
		"coldingTime":"3",
		"cost":"3",
		"effect":"Bleed",
		"probability":"85",
		"unlockLevel":"66"
	},
	"7":{
		"name":"变小",
		"description":"蜷缩身体显得很小，从而大幅提高自己的闪避率。",
		"power":"0",
		"coldingTime":"3",
		"cost":"3",
		"effect":"Strengthen",
		"probability":"0",
		"unlockLevel":"79"
	}
}