{
	"1":{
		"name":"唱歌",
		"description":"让对手听舒适、美妙的歌声，从而陷入睡眠状态。",
		"power":"0",
		"coldingTime":"3",
		"cost":"3",
		"effect":"Sleep",
		"probability":"55",
		"unlockLevel":"1"
	},
	"2":{
		"name":"变圆",
		"description":"将身体蜷曲变圆，从而提高自己的防御。",
		"power":"0",
		"coldingTime":"2",
		"cost":"2",
		"effect":"Strengthen",
		"probability":"0",
		"unlockLevel":"9"
	},
	"3":{
		"name":"吼叫",
		"description":"放走对手，强制拉后备宝可梦上场。如果对手为野生宝可梦，战斗将直接结束。",
		"power":"0",
		"coldingTime":"1",
		"cost":"1",
		"effect":"Attack",
		"probability":"0",
		"unlockLevel":"21"
	},
	"4":{
		"name":"愤怒",
		"description":"如果在使出招式后受到攻击的话，会因愤怒的力量而提高攻击。",
		"power":"20",
		"coldingTime":"1",
		"cost":"1",
		"effect":"Strengthen",
		"probability":"100",
		"unlockLevel":"46"
	},
	"5":{
		"name":"旋风刀",
		"description":"制造风之刃，于第２回合攻击对手。容易击中要害。",
		"power":"80",
		"coldingTime":"2",
		"cost":"2",
		"effect":"Attack",
		"probability":"100",
		"unlockLevel":"51"
	},
	"6":{
		"name":"超音波",
		"description":"从身体发出特殊的音波，从而使对手混乱。",
		"power":"0",
		"coldingTime":"2",
		"cost":"2",
		"effect":"Attack",
		"probability":"55",
		"unlockLevel":"60"
	},
	"7":{
		"name":"生蛋",
		"description":"回复自己最大ＨＰ的一半。",
		"power":"0",
		"coldingTime":"3",
		"cost":"3",
		"effect":"Parasitism",
		"probability":"0",
		"unlockLevel":"81"
	},
	"8":{
		"name":"叫声",
		"description":"让对手听可爱的叫声，引开注意力使其疏忽，从而降低对手的攻击。",
		"power":"0",
		"coldingTime":"3",
		"cost":"3",
		"effect":"Weaken",
		"probability":"100",
		"unlockLevel":"95"
	}
}