{
	"1":{
		"name":"忍耐",
		"description":"在２回合内忍受攻击，受到的伤害会２倍返还给对手。",
		"power":"0",
		"coldingTime":"2",
		"cost":"2",
		"effect":"Attack",
		"probability":"0",
		"unlockLevel":"1"
	},
	"2":{
		"name":"影子分身",
		"description":"通过快速移动来制造分身，扰乱对手，从而提高闪避率。",
		"power":"0",
		"coldingTime":"3",
		"cost":"3",
		"effect":"Strengthen",
		"probability":"0",
		"unlockLevel":"13"
	},
	"3":{
		"name":"音爆",
		"description":"将冲击波撞向对手进行攻击。必定会给予２０的伤害。",
		"power":"20",
		"coldingTime":"2",
		"cost":"2",
		"effect":"Attack",
		"probability":"90",
		"unlockLevel":"15"
	},
	"4":{
		"name":"火箭头锤",
		"description":"第１回合把头缩进去，从而提高防御。第２回合攻击对手。",
		"power":"130",
		"coldingTime":"3",
		"cost":"3",
		"effect":"Strengthen",
		"probability":"100",
		"unlockLevel":"15"
	},
	"5":{
		"name":"旋风刀",
		"description":"制造风之刃，于第２回合攻击对手。容易击中要害。",
		"power":"80",
		"coldingTime":"1",
		"cost":"1",
		"effect":"Attack",
		"probability":"100",
		"unlockLevel":"53"
	},
	"6":{
		"name":"猛撞",
		"description":"以惊人的气势撞向对手进行攻击。自己也会受到少许伤害。",
		"power":"90",
		"coldingTime":"1",
		"cost":"1",
		"effect":"Attack",
		"probability":"85",
		"unlockLevel":"62"
	},
	"7":{
		"name":"连环巴掌",
		"description":"用连环巴掌拍打对手进行攻击。连续攻击２～５次。",
		"power":"15",
		"coldingTime":"2",
		"cost":"2",
		"effect":"Bleed",
		"probability":"85",
		"unlockLevel":"66"
	},
	"8":{
		"name":"大蛇瞪眼",
		"description":"用腹部的花纹使对手害怕，从而让其陷入麻痹状态。",
		"power":"0",
		"coldingTime":"1",
		"cost":"1",
		"effect":"Paralysis",
		"probability":"100",
		"unlockLevel":"73"
	},
	"9":{
		"name":"变小",
		"description":"蜷缩身体显得很小，从而大幅提高自己的闪避率。",
		"power":"0",
		"coldingTime":"1",
		"cost":"1",
		"effect":"Strengthen",
		"probability":"0",
		"unlockLevel":"75"
	}
}