{
	"1":{
		"name":"吼叫",
		"description":"放走对手，强制拉后备宝可梦上场。如果对手为野生宝可梦，战斗将直接结束。",
		"power":"0",
		"coldingTime":"2",
		"cost":"2",
		"effect":"Attack",
		"probability":"0",
		"unlockLevel":"1"
	},
	"2":{
		"name":"定身法",
		"description":"阻碍对手行动，之前使出的招式将在４回合内无法使用。",
		"power":"0",
		"coldingTime":"3",
		"cost":"3",
		"effect":"Attack",
		"probability":"100",
		"unlockLevel":"25"
	},
	"3":{
		"name":"连续拳",
		"description":"用拳头怒涛般的殴打对手进行攻击。连续攻击２～５次。",
		"power":"18",
		"coldingTime":"3",
		"cost":"3",
		"effect":"Bleed",
		"probability":"85",
		"unlockLevel":"31"
	},
	"4":{
		"name":"角钻",
		"description":"用旋转的角刺入对手进行攻击。只要命中就会一击濒死。",
		"power":"0",
		"coldingTime":"2",
		"cost":"2",
		"effect":"Attack",
		"probability":"0",
		"unlockLevel":"53"
	},
	"5":{
		"name":"摇尾巴",
		"description":"可爱地左右摇晃尾巴，诱使对手疏忽大意。会降低对手的防御。",
		"power":"0",
		"coldingTime":"1",
		"cost":"1",
		"effect":"Weaken",
		"probability":"100",
		"unlockLevel":"69"
	},
	"6":{
		"name":"刺耳声",
		"description":"发出不由自主想要捂起耳朵的刺耳声，从而大幅降低对手的防御。",
		"power":"0",
		"coldingTime":"3",
		"cost":"3",
		"effect":"Weaken",
		"probability":"85",
		"unlockLevel":"78"
	}
}