{
	"1":{
		"name":"百万吨重拳",
		"description":"用充满力量的拳头攻击对手。",
		"power":"80",
		"coldingTime":"2",
		"cost":"2",
		"effect":"Attack",
		"probability":"85",
		"unlockLevel":"1"
	},
	"2":{
		"name":"撞击",
		"description":"用整个身体撞向对手进行攻击。",
		"power":"40",
		"coldingTime":"3",
		"cost":"3",
		"effect":"Attack",
		"probability":"100",
		"unlockLevel":"18"
	},
	"3":{
		"name":"踩踏",
		"description":"用大脚踩踏对手进行攻击。有时会使对手畏缩。",
		"power":"65",
		"coldingTime":"1",
		"cost":"1",
		"effect":"Attack",
		"probability":"100",
		"unlockLevel":"26"
	},
	"4":{
		"name":"愤怒",
		"description":"如果在使出招式后受到攻击的话，会因愤怒的力量而提高攻击。",
		"power":"20",
		"coldingTime":"3",
		"cost":"3",
		"effect":"Strengthen",
		"probability":"100",
		"unlockLevel":"28"
	},
	"5":{
		"name":"头锤",
		"description":"将头伸出，笔直地扑向对手进行攻击。有时会使对手畏缩。",
		"power":"70",
		"coldingTime":"1",
		"cost":"1",
		"effect":"Attack",
		"probability":"100",
		"unlockLevel":"51"
	},
	"6":{
		"name":"超音波",
		"description":"从身体发出特殊的音波，从而使对手混乱。",
		"power":"0",
		"coldingTime":"1",
		"cost":"1",
		"effect":"Attack",
		"probability":"55",
		"unlockLevel":"65"
	},
	"7":{
		"name":"自爆",
		"description":"引发爆炸，攻击自己周围所有的宝可梦。使用后陷入濒死。",
		"power":"200",
		"coldingTime":"3",
		"cost":"3",
		"effect":"Attack",
		"probability":"100",
		"unlockLevel":"68"
	},
	"8":{
		"name":"烟幕",
		"description":"向对手喷出烟或墨汁等，从而降低对手的命中率。",
		"power":"0",
		"coldingTime":"1",
		"cost":"1",
		"effect":"Weaken",
		"probability":"100",
		"unlockLevel":"77"
	},
	"9":{
		"name":"缠绕",
		"description":"用触手或青藤等缠绕进行攻击。有时会降低对手的速度。",
		"power":"10",
		"coldingTime":"3",
		"cost":"3",
		"effect":"Weaken",
		"probability":"100",
		"unlockLevel":"86"
	}
}