{
	"1":{
		"name":"火箭头锤",
		"description":"第１回合把头缩进去，从而提高防御。第２回合攻击对手。",
		"power":"130",
		"coldingTime":"2",
		"cost":"2",
		"effect":"Strengthen",
		"probability":"100",
		"unlockLevel":"1"
	},
	"2":{
		"name":"剑舞",
		"description":"激烈地跳起战舞提高气势。大幅提高自己的攻击。",
		"power":"0",
		"coldingTime":"1",
		"cost":"1",
		"effect":"Strengthen",
		"probability":"0",
		"unlockLevel":"9"
	},
	"3":{
		"name":"怪力",
		"description":"使出浑身力气殴打对手进行攻击。",
		"power":"80",
		"coldingTime":"3",
		"cost":"3",
		"effect":"Attack",
		"probability":"100",
		"unlockLevel":"21"
	},
	"4":{
		"name":"变圆",
		"description":"将身体蜷曲变圆，从而提高自己的防御。",
		"power":"0",
		"coldingTime":"2",
		"cost":"2",
		"effect":"Strengthen",
		"probability":"0",
		"unlockLevel":"36"
	},
	"5":{
		"name":"烟幕",
		"description":"向对手喷出烟或墨汁等，从而降低对手的命中率。",
		"power":"0",
		"coldingTime":"1",
		"cost":"1",
		"effect":"Weaken",
		"probability":"100",
		"unlockLevel":"67"
	},
	"6":{
		"name":"绑紧",
		"description":"使用长长的身体或藤蔓等，在４～５回合内绑紧对手进行攻击。",
		"power":"15",
		"coldingTime":"1",
		"cost":"1",
		"effect":"Bleed",
		"probability":"85",
		"unlockLevel":"78"
	}
}