{
	"1":{
		"name":"电磁波",
		"description":"向对手发出微弱的电击，从而让对手陷入麻痹状态。",
		"power":"0",
		"coldingTime":"3",
		"cost":"3",
		"effect":"Paralysis",
		"probability":"90",
		"unlockLevel":"1"
	},
	"2":{
		"name":"踩踏",
		"description":"用大脚踩踏对手进行攻击。有时会使对手畏缩。",
		"power":"65",
		"coldingTime":"2",
		"cost":"2",
		"effect":"Attack",
		"probability":"100",
		"unlockLevel":"14"
	},
	"3":{
		"name":"吼叫",
		"description":"放走对手，强制拉后备宝可梦上场。如果对手为野生宝可梦，战斗将直接结束。",
		"power":"0",
		"coldingTime":"1",
		"cost":"1",
		"effect":"Attack",
		"probability":"0",
		"unlockLevel":"29"
	},
	"4":{
		"name":"瞪眼",
		"description":"用犀利的眼神使其害怕，从而降低对手的防御。",
		"power":"0",
		"coldingTime":"1",
		"cost":"1",
		"effect":"Weaken",
		"probability":"100",
		"unlockLevel":"33"
	},
	"5":{
		"name":"跃起",
		"description":"也不攻击只是一蹦一蹦地跳，什么都不会发生……",
		"power":"0",
		"coldingTime":"2",
		"cost":"2",
		"effect":"Attack",
		"probability":"0",
		"unlockLevel":"49"
	},
	"6":{
		"name":"烟幕",
		"description":"向对手喷出烟或墨汁等，从而降低对手的命中率。",
		"power":"0",
		"coldingTime":"1",
		"cost":"1",
		"effect":"Weaken",
		"probability":"100",
		"unlockLevel":"56"
	},
	"7":{
		"name":"紧束",
		"description":"使用长长的身体或藤蔓等，在４～５回合内紧束对手进行攻击。",
		"power":"15",
		"coldingTime":"2",
		"cost":"2",
		"effect":"Bleed",
		"probability":"90",
		"unlockLevel":"57"
	},
	"8":{
		"name":"连环巴掌",
		"description":"用连环巴掌拍打对手进行攻击。连续攻击２～５次。",
		"power":"15",
		"coldingTime":"1",
		"cost":"1",
		"effect":"Bleed",
		"probability":"85",
		"unlockLevel":"59"
	},
	"9":{
		"name":"打雷",
		"description":"向对手劈下暴雷进行攻击。有时会让对手陷入麻痹状态。",
		"power":"110",
		"coldingTime":"2",
		"cost":"2",
		"effect":"Paralysis",
		"probability":"70",
		"unlockLevel":"69"
	},
	"10":{
		"name":"火箭头锤",
		"description":"第１回合把头缩进去，从而提高防御。第２回合攻击对手。",
		"power":"130",
		"coldingTime":"1",
		"cost":"1",
		"effect":"Strengthen",
		"probability":"100",
		"unlockLevel":"82"
	}
}