{
	"1":{
		"name":"变圆",
		"description":"将身体蜷曲变圆，从而提高自己的防御。",
		"power":"0",
		"coldingTime":"1",
		"cost":"1",
		"effect":"Strengthen",
		"probability":"0",
		"unlockLevel":"1"
	},
	"2":{
		"name":"旋风刀",
		"description":"制造风之刃，于第２回合攻击对手。容易击中要害。",
		"power":"80",
		"coldingTime":"2",
		"cost":"2",
		"effect":"Attack",
		"probability":"100",
		"unlockLevel":"3"
	},
	"3":{
		"name":"居合斩",
		"description":"用镰刀或爪子等切斩对手进行攻击。",
		"power":"50",
		"coldingTime":"1",
		"cost":"1",
		"effect":"Attack",
		"probability":"95",
		"unlockLevel":"11"
	},
	"4":{
		"name":"影子分身",
		"description":"通过快速移动来制造分身，扰乱对手，从而提高闪避率。",
		"power":"0",
		"coldingTime":"2",
		"cost":"2",
		"effect":"Strengthen",
		"probability":"0",
		"unlockLevel":"24"
	},
	"5":{
		"name":"超音波",
		"description":"从身体发出特殊的音波，从而使对手混乱。",
		"power":"0",
		"coldingTime":"1",
		"cost":"1",
		"effect":"Attack",
		"probability":"55",
		"unlockLevel":"46"
	},
	"6":{
		"name":"替身",
		"description":"削减少许自己的ＨＰ，制造分身。分身将成为自己的替身。",
		"power":"0",
		"coldingTime":"1",
		"cost":"1",
		"effect":"Attack",
		"probability":"0",
		"unlockLevel":"60"
	},
	"7":{
		"name":"聚宝功",
		"description":"向对手的身体投掷小金币进行攻击。战斗后可以拿到钱。",
		"power":"40",
		"coldingTime":"3",
		"cost":"3",
		"effect":"Attack",
		"probability":"100",
		"unlockLevel":"83"
	},
	"8":{
		"name":"烟幕",
		"description":"向对手喷出烟或墨汁等，从而降低对手的命中率。",
		"power":"0",
		"coldingTime":"3",
		"cost":"3",
		"effect":"Weaken",
		"probability":"100",
		"unlockLevel":"88"
	}
}